{
    "info": {
        "_postman_id": "73ce6623-444b-4556-9a51-57e995b59114",
        "name": null,
        "schema": "https://schema.getpostman.com/json/collection/v2.1.0/collection.json"
    },
    "variable": [
        {
            "key": "local",
            "value": "http://localhost:8000/api/v1"
        },
        {
            "key": "token",
            "value": ""
        }
    ],
    "event": [
        {
            "listen": "prerequest",
            "script": {
                "type": "text/javascript",
                "exec": [
                    ""
                ]
            }
        }
    ],
    "item": [
        {
            "name": "users",
            "item": [
                {
                    "name": "get all users",
                    "protocolProfileBehavior": {
                        "disableBodyPruning": true
                    },
                    "request": {
                        "auth": {
                            "type": "bearer",
                            "bearer": [
                                {
                                    "key": "token",
                                    "value": "{{token}}",
                                    "type": "string"
                                }
                            ]
                        },
                        "method": "GET",
                        "header": [
                            {
                                "key": "Accept",
                                "value": "application/json",
                                "type": "text"
                            }
                        ],
                        "body": {
                            "mode": "formdata",
                            "formdata": [
                                {
                                    "key": "lang",
                                    "description": "For Return Language Message default Arabic",
                                    "type": "text",
                                    "value": "ar"
                                }
                            ]
                        },
                        "url": {
                            "raw": "{{local}}/users",
                            "host": [
                                "{{local}}"
                            ],
                            "path": [
                                "users"
                            ]
                        },
                        "description": "test description"
                    },
                    "response": []
                },
                {
                    "name": "show by id users",
                    "protocolProfileBehavior": {
                        "disableBodyPruning": true
                    },
                    "request": {
                        "auth": {
                            "type": "bearer",
                            "bearer": [
                                {
                                    "key": "token",
                                    "value": "{{token}}",
                                    "type": "string"
                                }
                            ]
                        },
                        "method": "GET",
                        "header": [
                            {
                                "key": "Accept",
                                "value": "application/json",
                                "type": "text"
                            }
                        ],
                        "body": {
                            "mode": "formdata",
                            "formdata": [
                                {
                                    "key": "lang",
                                    "description": "For Return Language Message default Arabic",
                                    "type": "text",
                                    "value": "ar"
                                }
                            ]
                        },
                        "url": {
                            "raw": "{{local}}/users/{PUT_YOUR_ID}",
                            "host": [
                                "{{local}}"
                            ],
                            "path": [
                                "users",
                                "{PUT_YOUR_ID}"
                            ]
                        },
                        "description": "test description"
                    },
                    "response": []
                },
                {
                    "name": "Add Record users",
                    "protocolProfileBehavior": {
                        "disableBodyPruning": true
                    },
                    "request": {
                        "auth": {
                            "type": "bearer",
                            "bearer": [
                                {
                                    "key": "token",
                                    "value": "{{token}}",
                                    "type": "string"
                                }
                            ]
                        },
                        "method": "POST",
                        "header": [
                            {
                                "key": "Accept",
                                "value": "application/json",
                                "type": "text"
                            }
                        ],
                        "body": {
                            "mode": "formdata",
                            "formdata": [
                                {
                                    "key": "lang",
                                    "description": "For Return Language Message default Arabic",
                                    "type": "text",
                                    "value": "ar"
                                },
                                {
                                    "key": "name",
                                    "value": "some string",
                                    "type": "text",
                                    "description": "normal input text"
                                },
                                {
                                    "key": "email",
                                    "value": "email@example.com",
                                    "type": "text",
                                    "description": "email Input"
                                },
                                {
                                    "key": "user_name",
                                    "value": "some string",
                                    "type": "text",
                                    "description": "normal input text"
                                },
                                {
                                    "key": "age",
                                    "value": "some string",
                                    "type": "text",
                                    "description": "normal input text"
                                },
                                {
                                    "key": "group_id",
                                    "value": "some string",
                                    "type": "text",
                                    "description": "normal input text"
                                },
                                {
                                    "key": "vote_id",
                                    "value": "some string",
                                    "type": "text",
                                    "description": "normal input text"
                                },
                                {
                                    "key": "vote_revenue",
                                    "value": "some string",
                                    "type": "text",
                                    "description": "normal input text"
                                },
                                {
                                    "key": "kuro_balance_wallet",
                                    "value": "some string",
                                    "type": "text",
                                    "description": "normal input text"
                                }
                            ]
                        },
                        "url": {
                            "raw": "{{local}}/users",
                            "host": [
                                "{{local}}"
                            ],
                            "path": [
                                "users"
                            ]
                        },
                        "description": "test description"
                    },
                    "response": []
                },
                {
                    "name": "Update Record By ID users",
                    "protocolProfileBehavior": {
                        "disableBodyPruning": true
                    },
                    "request": {
                        "auth": {
                            "type": "bearer",
                            "bearer": [
                                {
                                    "key": "token",
                                    "value": "{{token}}",
                                    "type": "string"
                                }
                            ]
                        },
                        "method": "PUT",
                        "header": [
                            {
                                "key": "Accept",
                                "value": "application/json",
                                "type": "text"
                            }
                        ],
                        "body": {
                            "mode": "formdata",
                            "formdata": [
                                {
                                    "key": "lang",
                                    "description": "For Return Language Message default Arabic",
                                    "type": "text",
                                    "value": "ar"
                                },
                                {
                                    "key": "name",
                                    "value": "some string",
                                    "type": "text",
                                    "description": "normal input text"
                                },
                                {
                                    "key": "email",
                                    "value": "email@example.com",
                                    "type": "text",
                                    "description": "email Input"
                                },
                                {
                                    "key": "user_name",
                                    "value": "some string",
                                    "type": "text",
                                    "description": "normal input text"
                                },
                                {
                                    "key": "age",
                                    "value": "some string",
                                    "type": "text",
                                    "description": "normal input text"
                                },
                                {
                                    "key": "group_id",
                                    "value": "some string",
                                    "type": "text",
                                    "description": "normal input text"
                                },
                                {
                                    "key": "vote_id",
                                    "value": "some string",
                                    "type": "text",
                                    "description": "normal input text"
                                },
                                {
                                    "key": "vote_revenue",
                                    "value": "some string",
                                    "type": "text",
                                    "description": "normal input text"
                                },
                                {
                                    "key": "kuro_balance_wallet",
                                    "value": "some string",
                                    "type": "text",
                                    "description": "normal input text"
                                }
                            ]
                        },
                        "url": {
                            "raw": "{{local}}/users/{PUT_YOUR_ID}",
                            "host": [
                                "{{local}}"
                            ],
                            "path": [
                                "users",
                                "{PUT_YOUR_ID}"
                            ]
                        },
                        "description": "test description"
                    },
                    "response": []
                },
                {
                    "name": "DELETE Record By ID users",
                    "protocolProfileBehavior": {
                        "disableBodyPruning": true
                    },
                    "request": {
                        "auth": {
                            "type": "bearer",
                            "bearer": [
                                {
                                    "key": "token",
                                    "value": "{{token}}",
                                    "type": "string"
                                }
                            ]
                        },
                        "method": "DELETE",
                        "header": [
                            {
                                "key": "Accept",
                                "value": "application/json",
                                "type": "text"
                            }
                        ],
                        "body": {
                            "mode": "formdata",
                            "formdata": [
                                {
                                    "key": "lang",
                                    "description": "For Return Language Message default Arabic",
                                    "type": "text",
                                    "value": "ar"
                                }
                            ]
                        },
                        "url": {
                            "raw": "{{local}}/users/{PUT_YOUR_ID}",
                            "host": [
                                "{{local}}"
                            ],
                            "path": [
                                "users",
                                "{PUT_YOUR_ID}"
                            ]
                        },
                        "description": "test description"
                    },
                    "response": []
                },
                {
                    "name": "Multi Delete Record By IDs users",
                    "protocolProfileBehavior": {
                        "disableBodyPruning": true
                    },
                    "request": {
                        "auth": {
                            "type": "bearer",
                            "bearer": [
                                {
                                    "key": "token",
                                    "value": "{{token}}",
                                    "type": "string"
                                }
                            ]
                        },
                        "method": "POST",
                        "header": [
                            {
                                "key": "Accept",
                                "value": "application/json",
                                "type": "text"
                            }
                        ],
                        "body": {
                            "mode": "formdata",
                            "formdata": [
                                {
                                    "key": "lang",
                                    "description": "For Return Language Message default Arabic",
                                    "type": "text",
                                    "value": "ar"
                                },
                                {
                                    "key": "selected_data[]",
                                    "value": "1",
                                    "type": "text",
                                    "description": "Record ID Integer"
                                },
                                {
                                    "key": "selected_data[]",
                                    "value": "2",
                                    "type": "text",
                                    "description": "Record ID Integer"
                                }
                            ]
                        },
                        "url": {
                            "raw": "{{local}}/users/multi_delete",
                            "host": [
                                "{{local}}"
                            ],
                            "path": [
                                "users",
                                "multi_delete"
                            ]
                        },
                        "description": "test description"
                    },
                    "response": []
                }
            ]
        }
    ]
}