{
    "info": {
        "_postman_id": "d59ec7b5-87a4-4eb8-8087-f352c716eef9",
        "name": "kuro",
        "schema": "https://schema.getpostman.com/json/collection/v2.1.0/collection.json"
    },
    "variable": [
        {
            "key": "local",
            "value": "http://localhost:8000/api/v1"
        },
        {
            "key": "token",
            "value": ""
        }
    ],
    "event": [
        {
            "listen": "prerequest",
            "script": {
                "type": "text/javascript",
                "exec": [
                    ""
                ]
            }
        }
    ],
    "item": [
        {
            "name": "slides",
            "item": [
                {
                    "name": "get all slides",
                    "protocolProfileBehavior": {
                        "disableBodyPruning": true
                    },
                    "request": {
                        "auth": {
                            "type": "bearer",
                            "bearer": [
                                {
                                    "key": "token",
                                    "value": "{{token}}",
                                    "type": "string"
                                }
                            ]
                        },
                        "method": "GET",
                        "header": [
                            {
                                "key": "Accept",
                                "value": "application/json",
                                "type": "text"
                            }
                        ],
                        "body": {
                            "mode": "formdata",
                            "formdata": [
                                {
                                    "key": "lang",
                                    "description": "For Return Language Message default Arabic",
                                    "type": "text",
                                    "value": "ar"
                                }
                            ]
                        },
                        "url": {
                            "raw": "{{local}}/slides",
                            "host": [
                                "{{local}}"
                            ],
                            "path": [
                                "slides"
                            ]
                        },
                        "description": "test description"
                    },
                    "response": []
                },
                {
                    "name": "show by id slides",
                    "protocolProfileBehavior": {
                        "disableBodyPruning": true
                    },
                    "request": {
                        "auth": {
                            "type": "bearer",
                            "bearer": [
                                {
                                    "key": "token",
                                    "value": "{{token}}",
                                    "type": "string"
                                }
                            ]
                        },
                        "method": "GET",
                        "header": [
                            {
                                "key": "Accept",
                                "value": "application/json",
                                "type": "text"
                            }
                        ],
                        "body": {
                            "mode": "formdata",
                            "formdata": [
                                {
                                    "key": "lang",
                                    "description": "For Return Language Message default Arabic",
                                    "type": "text",
                                    "value": "ar"
                                }
                            ]
                        },
                        "url": {
                            "raw": "{{local}}/slides/{PUT_YOUR_ID}",
                            "host": [
                                "{{local}}"
                            ],
                            "path": [
                                "slides",
                                "{PUT_YOUR_ID}"
                            ]
                        },
                        "description": "test description"
                    },
                    "response": []
                },
                {
                    "name": "Add Record slides",
                    "protocolProfileBehavior": {
                        "disableBodyPruning": true
                    },
                    "request": {
                        "auth": {
                            "type": "bearer",
                            "bearer": [
                                {
                                    "key": "token",
                                    "value": "{{token}}",
                                    "type": "string"
                                }
                            ]
                        },
                        "method": "POST",
                        "header": [
                            {
                                "key": "Accept",
                                "value": "application/json",
                                "type": "text"
                            }
                        ],
                        "body": {
                            "mode": "formdata",
                            "formdata": [
                                {
                                    "key": "lang",
                                    "description": "For Return Language Message default Arabic",
                                    "type": "text",
                                    "value": "ar"
                                },
                                {
                                    "key": "image",
                                    "value": null,
                                    "type": "file",
                                    "description": "Upload File Input"
                                }
                            ]
                        },
                        "url": {
                            "raw": "{{local}}/slides",
                            "host": [
                                "{{local}}"
                            ],
                            "path": [
                                "slides"
                            ]
                        },
                        "description": "test description"
                    },
                    "response": []
                },
                {
                    "name": "Update Record By ID slides",
                    "protocolProfileBehavior": {
                        "disableBodyPruning": true
                    },
                    "request": {
                        "auth": {
                            "type": "bearer",
                            "bearer": [
                                {
                                    "key": "token",
                                    "value": "{{token}}",
                                    "type": "string"
                                }
                            ]
                        },
                        "method": "PUT",
                        "header": [
                            {
                                "key": "Accept",
                                "value": "application/json",
                                "type": "text"
                            }
                        ],
                        "body": {
                            "mode": "formdata",
                            "formdata": [
                                {
                                    "key": "lang",
                                    "description": "For Return Language Message default Arabic",
                                    "type": "text",
                                    "value": "ar"
                                },
                                {
                                    "key": "image",
                                    "value": null,
                                    "type": "file",
                                    "description": "Upload File Input"
                                }
                            ]
                        },
                        "url": {
                            "raw": "{{local}}/slides/{PUT_YOUR_ID}",
                            "host": [
                                "{{local}}"
                            ],
                            "path": [
                                "slides",
                                "{PUT_YOUR_ID}"
                            ]
                        },
                        "description": "test description"
                    },
                    "response": []
                },
                {
                    "name": "DELETE Record By ID slides",
                    "protocolProfileBehavior": {
                        "disableBodyPruning": true
                    },
                    "request": {
                        "auth": {
                            "type": "bearer",
                            "bearer": [
                                {
                                    "key": "token",
                                    "value": "{{token}}",
                                    "type": "string"
                                }
                            ]
                        },
                        "method": "DELETE",
                        "header": [
                            {
                                "key": "Accept",
                                "value": "application/json",
                                "type": "text"
                            }
                        ],
                        "body": {
                            "mode": "formdata",
                            "formdata": [
                                {
                                    "key": "lang",
                                    "description": "For Return Language Message default Arabic",
                                    "type": "text",
                                    "value": "ar"
                                }
                            ]
                        },
                        "url": {
                            "raw": "{{local}}/slides/{PUT_YOUR_ID}",
                            "host": [
                                "{{local}}"
                            ],
                            "path": [
                                "slides",
                                "{PUT_YOUR_ID}"
                            ]
                        },
                        "description": "test description"
                    },
                    "response": []
                },
                {
                    "name": "Multi Delete Record By IDs slides",
                    "protocolProfileBehavior": {
                        "disableBodyPruning": true
                    },
                    "request": {
                        "auth": {
                            "type": "bearer",
                            "bearer": [
                                {
                                    "key": "token",
                                    "value": "{{token}}",
                                    "type": "string"
                                }
                            ]
                        },
                        "method": "POST",
                        "header": [
                            {
                                "key": "Accept",
                                "value": "application/json",
                                "type": "text"
                            }
                        ],
                        "body": {
                            "mode": "formdata",
                            "formdata": [
                                {
                                    "key": "lang",
                                    "description": "For Return Language Message default Arabic",
                                    "type": "text",
                                    "value": "ar"
                                },
                                {
                                    "key": "selected_data[]",
                                    "value": "1",
                                    "type": "text",
                                    "description": "Record ID Integer"
                                },
                                {
                                    "key": "selected_data[]",
                                    "value": "2",
                                    "type": "text",
                                    "description": "Record ID Integer"
                                }
                            ]
                        },
                        "url": {
                            "raw": "{{local}}/slides/multi_delete",
                            "host": [
                                "{{local}}"
                            ],
                            "path": [
                                "slides",
                                "multi_delete"
                            ]
                        },
                        "description": "test description"
                    },
                    "response": []
                }
            ]
        }
    ]
}