{
    "info": {
        "_postman_id": "c2789cf3-797d-49c6-8557-5055501d1a59",
        "name": "kuro",
        "schema": "https://schema.getpostman.com/json/collection/v2.1.0/collection.json"
    },
    "variable": [
        {
            "key": "local",
            "value": "http://localhost:8000/api/v1"
        },
        {
            "key": "token",
            "value": ""
        }
    ],
    "event": [
        {
            "listen": "prerequest",
            "script": {
                "type": "text/javascript",
                "exec": [
                    ""
                ]
            }
        }
    ],
    "item": [
        {
            "name": "icousers",
            "item": [
                {
                    "name": "get all icousers",
                    "protocolProfileBehavior": {
                        "disableBodyPruning": true
                    },
                    "request": {
                        "auth": {
                            "type": "bearer",
                            "bearer": [
                                {
                                    "key": "token",
                                    "value": "{{token}}",
                                    "type": "string"
                                }
                            ]
                        },
                        "method": "GET",
                        "header": [
                            {
                                "key": "Accept",
                                "value": "application/json",
                                "type": "text"
                            }
                        ],
                        "body": {
                            "mode": "formdata",
                            "formdata": [
                                {
                                    "key": "lang",
                                    "description": "For Return Language Message default Arabic",
                                    "type": "text",
                                    "value": "ar"
                                }
                            ]
                        },
                        "url": {
                            "raw": "{{local}}/icousers",
                            "host": [
                                "{{local}}"
                            ],
                            "path": [
                                "icousers"
                            ]
                        },
                        "description": "test description"
                    },
                    "response": []
                },
                {
                    "name": "show by id icousers",
                    "protocolProfileBehavior": {
                        "disableBodyPruning": true
                    },
                    "request": {
                        "auth": {
                            "type": "bearer",
                            "bearer": [
                                {
                                    "key": "token",
                                    "value": "{{token}}",
                                    "type": "string"
                                }
                            ]
                        },
                        "method": "GET",
                        "header": [
                            {
                                "key": "Accept",
                                "value": "application/json",
                                "type": "text"
                            }
                        ],
                        "body": {
                            "mode": "formdata",
                            "formdata": [
                                {
                                    "key": "lang",
                                    "description": "For Return Language Message default Arabic",
                                    "type": "text",
                                    "value": "ar"
                                }
                            ]
                        },
                        "url": {
                            "raw": "{{local}}/icousers/{PUT_YOUR_ID}",
                            "host": [
                                "{{local}}"
                            ],
                            "path": [
                                "icousers",
                                "{PUT_YOUR_ID}"
                            ]
                        },
                        "description": "test description"
                    },
                    "response": []
                },
                {
                    "name": "Add Record icousers",
                    "protocolProfileBehavior": {
                        "disableBodyPruning": true
                    },
                    "request": {
                        "auth": {
                            "type": "bearer",
                            "bearer": [
                                {
                                    "key": "token",
                                    "value": "{{token}}",
                                    "type": "string"
                                }
                            ]
                        },
                        "method": "POST",
                        "header": [
                            {
                                "key": "Accept",
                                "value": "application/json",
                                "type": "text"
                            }
                        ],
                        "body": {
                            "mode": "formdata",
                            "formdata": [
                                {
                                    "key": "lang",
                                    "description": "For Return Language Message default Arabic",
                                    "type": "text",
                                    "value": "ar"
                                },
                                {
                                    "key": "amount",
                                    "value": "some string",
                                    "type": "text",
                                    "description": "normal input text"
                                },
                                {
                                    "key": "status",
                                    "value": "joined",
                                    "type": "text",
                                    "description": "Dropdown data (joined,pending)"
                                },
                                {
                                    "key": "purchase_method",
                                    "value": "pancakeswap",
                                    "type": "text",
                                    "description": "Dropdown data (pancakeswap,indoex,kuro_team)"
                                },
                                {
                                    "key": "user_id",
                                    "value": "some string",
                                    "type": "text",
                                    "description": "normal input text"
                                },
                                {
                                    "key": "i_c_o_id",
                                    "value": "some string",
                                    "type": "text",
                                    "description": "normal input text"
                                }
                            ]
                        },
                        "url": {
                            "raw": "{{local}}/icousers",
                            "host": [
                                "{{local}}"
                            ],
                            "path": [
                                "icousers"
                            ]
                        },
                        "description": "test description"
                    },
                    "response": []
                },
                {
                    "name": "Update Record By ID icousers",
                    "protocolProfileBehavior": {
                        "disableBodyPruning": true
                    },
                    "request": {
                        "auth": {
                            "type": "bearer",
                            "bearer": [
                                {
                                    "key": "token",
                                    "value": "{{token}}",
                                    "type": "string"
                                }
                            ]
                        },
                        "method": "PUT",
                        "header": [
                            {
                                "key": "Accept",
                                "value": "application/json",
                                "type": "text"
                            }
                        ],
                        "body": {
                            "mode": "formdata",
                            "formdata": [
                                {
                                    "key": "lang",
                                    "description": "For Return Language Message default Arabic",
                                    "type": "text",
                                    "value": "ar"
                                },
                                {
                                    "key": "amount",
                                    "value": "some string",
                                    "type": "text",
                                    "description": "normal input text"
                                },
                                {
                                    "key": "status",
                                    "value": "joined",
                                    "type": "text",
                                    "description": "Dropdown data (joined,pending)"
                                },
                                {
                                    "key": "purchase_method",
                                    "value": "pancakeswap",
                                    "type": "text",
                                    "description": "Dropdown data (pancakeswap,indoex,kuro_team)"
                                },
                                {
                                    "key": "user_id",
                                    "value": "some string",
                                    "type": "text",
                                    "description": "normal input text"
                                },
                                {
                                    "key": "i_c_o_id",
                                    "value": "some string",
                                    "type": "text",
                                    "description": "normal input text"
                                }
                            ]
                        },
                        "url": {
                            "raw": "{{local}}/icousers/{PUT_YOUR_ID}",
                            "host": [
                                "{{local}}"
                            ],
                            "path": [
                                "icousers",
                                "{PUT_YOUR_ID}"
                            ]
                        },
                        "description": "test description"
                    },
                    "response": []
                },
                {
                    "name": "DELETE Record By ID icousers",
                    "protocolProfileBehavior": {
                        "disableBodyPruning": true
                    },
                    "request": {
                        "auth": {
                            "type": "bearer",
                            "bearer": [
                                {
                                    "key": "token",
                                    "value": "{{token}}",
                                    "type": "string"
                                }
                            ]
                        },
                        "method": "DELETE",
                        "header": [
                            {
                                "key": "Accept",
                                "value": "application/json",
                                "type": "text"
                            }
                        ],
                        "body": {
                            "mode": "formdata",
                            "formdata": [
                                {
                                    "key": "lang",
                                    "description": "For Return Language Message default Arabic",
                                    "type": "text",
                                    "value": "ar"
                                }
                            ]
                        },
                        "url": {
                            "raw": "{{local}}/icousers/{PUT_YOUR_ID}",
                            "host": [
                                "{{local}}"
                            ],
                            "path": [
                                "icousers",
                                "{PUT_YOUR_ID}"
                            ]
                        },
                        "description": "test description"
                    },
                    "response": []
                },
                {
                    "name": "Multi Delete Record By IDs icousers",
                    "protocolProfileBehavior": {
                        "disableBodyPruning": true
                    },
                    "request": {
                        "auth": {
                            "type": "bearer",
                            "bearer": [
                                {
                                    "key": "token",
                                    "value": "{{token}}",
                                    "type": "string"
                                }
                            ]
                        },
                        "method": "POST",
                        "header": [
                            {
                                "key": "Accept",
                                "value": "application/json",
                                "type": "text"
                            }
                        ],
                        "body": {
                            "mode": "formdata",
                            "formdata": [
                                {
                                    "key": "lang",
                                    "description": "For Return Language Message default Arabic",
                                    "type": "text",
                                    "value": "ar"
                                },
                                {
                                    "key": "selected_data[]",
                                    "value": "1",
                                    "type": "text",
                                    "description": "Record ID Integer"
                                },
                                {
                                    "key": "selected_data[]",
                                    "value": "2",
                                    "type": "text",
                                    "description": "Record ID Integer"
                                }
                            ]
                        },
                        "url": {
                            "raw": "{{local}}/icousers/multi_delete",
                            "host": [
                                "{{local}}"
                            ],
                            "path": [
                                "icousers",
                                "multi_delete"
                            ]
                        },
                        "description": "test description"
                    },
                    "response": []
                }
            ]
        }
    ]
}